idCategories,queryParam,img,altName,displayPrice,page,idProduct
c2549,do-choi-me-be,https://salt.tikicdn.com/cache/280x280/ts/product/fe/be/55/bd21cd6f6513302a9ddb2ae92233ef32.jpg,Sữa Bột Abbott Ensure Gold Vani 850g,808.000,1,
c2549,do-choi-me-be,https://salt.tikicdn.com/cache/280x280/ts/product/c6/eb/9d/948b7899d20b12aed86c96cfc0f184d1.jpg,Sữa bột Abbott Pediasure 1.6kg,1.005.000,1,
c2549,do-choi-me-be,https://salt.tikicdn.com/cache/280x280/ts/product/5f/05/08/44fb87cf36768ac59afa5ecda64891bc.jpg,Sữa bột Abbott Pediasure 850g,599.000,1,
c2549,do-choi-me-be,https://salt.tikicdn.com/cache/280x280/ts/product/3a/e0/cd/46d00e92cbd071b9f1b4cf8a1e3dc9ea.jpg,Thùng 48 Hộp Sữa Nước Abbott Pediasure Vani 110ml,919.000,1,
c2549,do-choi-me-be,https://salt.tikicdn.com/cache/280x280/media/catalog/producttmp/78/d1/95/1b56a17d4d2340a3bd43abf4dab3f349.png,Sữa Bột Abbott Glucerna Vani 850g,805.000,1,
c2549,do-choi-me-be,https://salt.tikicdn.com/cache/280x280/media/catalog/producttmp/42/ef/92/183ebeccffe9ca29553735bfd837c8ae.jpg,[MỚI] Tã/bỉm quần Bobby 3mm Gạo non,376.000,1,198744330
c2549,do-choi-me-be,https://salt.tikicdn.com/cache/280x280/media/catalog/producttmp/de/cc/dd/d3e6f592b46ddff9b3fe95ea8086e212.png,Combo 2 túi nước giặt OMO Matic chuyên dụng Cửa Trước Lavender Khử Mùi Thư Thái 3.6kg,348.000,1,116407261
c2549,do-choi-me-be,https://salt.tikicdn.com/cache/280x280/media/catalog/producttmp/85/6d/b5/814fbf722d0c5ddda34b6dee7c2ba224.png,Combo 2 TúI Nước Giặt Omo Matic Cho Máy Giặt Cửa Trước Bền Đẹp Bền Màu Sau 100 Lần Giặt 3.6Kg,348.000,1,116407259
c2549,do-choi-me-be,https://salt.tikicdn.com/cache/280x280/media/catalog/producttmp/38/89/d4/620c5c0f6ec449917f4b8e6797681e93.png,Combo 2 Túi Nước Giặt Omo Matic Máy Giặt Cửa Trên Hương Comfort Tinh Dầu Thơm Xoáy Bay Vết Bẩn Thơm Bền Lâu 3.6Kg,361.000,1,116407427
c2549,do-choi-me-be,https://salt.tikicdn.com/cache/280x280/media/catalog/producttmp/63/ac/20/780351b9428dba884f5b3e02b1bb1e54.png,Túi Nước giặt Omo Nước giặt cửa trước hương Lavender Khử mùi thư thái 3.6KG,180.000,1,116410120
c2549,do-choi-me-be,https://salt.tikicdn.com/cache/280x280/media/catalog/producttmp/54/04/ce/5af23cc7a7391dd17c5e8aa92edf497c.png,Thùng 30 Chai Sữa Nước Abbott Glucerna Vani 220ml,1.239.000,1,
c2549,do-choi-me-be,https://salt.tikicdn.com/cache/280x280/ts/product/0c/34/96/bfacb0aaf67901513aee8e90c68e35e6.jpg,Thùng 48 Hộp Sữa Pediasure Vani 180ml,1.335.000,1,
c2549,do-choi-me-be,https://salt.tikicdn.com/cache/280x280/media/catalog/producttmp/69/84/30/89f2a46a374344b8e94e2d7a88126c3c.png,Nước Xả Làm Mềm Vải COMFORT Nước Xả Vải Hương Ban Mai Đậm Đặc 1 Lần Xả Giúp Giữ Màu & Bền Vải 3.8L,215.000,1,
c2549,do-choi-me-be,https://salt.tikicdn.com/cache/280x280/media/catalog/producttmp/fa/d0/13/ff03894077d7b5af2c000807be645d33.png,Bộ 2 Lon Sữa Bột Friso Gold 4 1400g Dành Cho Trẻ Từ 2 - 6 Tuổi + Tặng Lon Sữa Friso Gold 4 380g,1.359.000,1,
c2549,do-choi-me-be,https://salt.tikicdn.com/cache/280x280/media/catalog/producttmp/a0/d5/36/e9e832d0b017b6265794399b872a9b95.png,Sữa Bột Abbott Glucerna Lúa Mạch 850g,808.000,1,
c2549,do-choi-me-be,https://salt.tikicdn.com/cache/280x280/media/catalog/producttmp/89/02/3a/10f6222d0178340c0c4355bc29f52262.jpg,Combo Tiết Kiệm: 6 Gói Khăn Ướt Bobby Care Không Hương 100 Miếng/Gói,173.000,1,59143354
c2549,do-choi-me-be,https://salt.tikicdn.com/cache/280x280/media/catalog/producttmp/13/ed/22/b6a65704f5312ff92b6f739fbc3cf5b1.png,"Combo 2 túi nước giặt OMO Matic cho máy giặt cửa trên giúp quần áo sạch bẩn khử mùi toàn diện, túi 3.9kg",364.000,1,116407425
c2549,do-choi-me-be,https://salt.tikicdn.com/cache/280x280/media/catalog/producttmp/a6/63/75/f8ef14ee0a174f4be3eb056aba0f758e.png,Thùng 24 Chai Sữa Nước Abbott Ensure 237ml,888.000,1,685932
c2549,do-choi-me-be,https://salt.tikicdn.com/cache/280x280/media/catalog/producttmp/7d/83/5a/61bc7096dbb6d187ef5b7f9d2f3248d8.png,Combo 3 Hộp 4 Viên Nén Vệ Sinh Lồng Giặt OMO Matic 80gr,227.000,1,72924802
c2549,do-choi-me-be,https://salt.tikicdn.com/cache/280x280/ts/product/9b/7b/07/669a405b0e2de9dbdf7f9ea64f11c033.jpg,[CỘNG 6 MIẾNG] Tã dán Moony cao cấp S84+6 - Nhập khẩu từ Nhật Bản,307.890,1,198336536
c2549,do-choi-me-be,https://salt.tikicdn.com/cache/280x280/ts/product/b8/01/11/237424e4e3603dba6456afe8c4e8567c.jpg,"Sản phẩm dinh dưỡng y học Nutren Junior cho trẻ từ 1-12 tuổi 850g tăng trưởng 3 chuẩn: Thế chất, Đề kháng, Tư duy - Tặng gối ôm hươu cao cổ",542.000,1,
c2549,do-choi-me-be,https://salt.tikicdn.com/cache/280x280/media/catalog/producttmp/c6/45/bb/ae1cba1b8ab5f219eeba942ac028b7d6.png,Sữa Bột Abbott Ensure Gold Vani Ít Ngọt 400g,385.000,1,
c2549,do-choi-me-be,https://salt.tikicdn.com/cache/280x280/media/catalog/producttmp/b7/0b/9f/ccfc547d6ca869ee0d431b386e55442a.png,Sữa Bột  Abbott Glucerna Vani 400g,415.000,1,
c2549,do-choi-me-be,https://salt.tikicdn.com/cache/280x280/media/catalog/producttmp/3d/5f/32/95654d965f34276efe0f889e243be921.png,Sữa Bột Abbott Glucerna Lúa Mạch 400g,365.000,1,
c2549,do-choi-me-be,https://salt.tikicdn.com/cache/280x280/media/catalog/producttmp/2d/a0/98/a67879625227ef9a7328325ac6151477.png,"Combo 2 túi nước xả vải em bé Comfort cho da nhạy cảm với công thức riêng dịu nhẹ 100% nguồn gốc thực vật, Túi 3.8L",451.000,1,
c2549,do-choi-me-be,https://salt.tikicdn.com/cache/280x280/media/catalog/producttmp/76/d0/86/3e68adf6dee137a62bd4d5b554aaacf2.png,TúI Nước Giặt Omo Matic Cho Máy Giặt Cửa Trên Xoáy Bay Vết Bẩn Sạch Bẩn Khử Mùi Toàn Diện 3.9Kg,180.000,1,116410111
c2549,do-choi-me-be,https://salt.tikicdn.com/cache/280x280/media/catalog/producttmp/ed/70/b4/2381eaa2e1f3b37be84f14263e845336.png,Túi Nước Giặt Omo Matic Cho Máy Giặt Cửa Trước Bền Đẹp Bền Màu Sau 100 Lần Giặt 3.6Kg,215.000,1,116410160
c2549,do-choi-me-be,https://salt.tikicdn.com/cache/280x280/media/catalog/producttmp/92/f5/c7/53a8a192d8c8ca3c17bf2c0b7ece1adf.png,"Combo 2 túi Nước Xả Vải Comfort Giữ Màu & Bền Vải Một Lần Xả Hương Ban Mai, túi 3.8L",429.000,1,134516826
c2549,do-choi-me-be,https://salt.tikicdn.com/cache/280x280/ts/product/53/d6/e8/22c04179bf2a7bf451ed54513e047bfa.png,Sản Phẩm Dinh Dưỡng Nestlé NAN OPTIPRO PLUS 2 800g/lon với 5HMO Sản Xuất Tại Thụy Sĩ,469.000,1,247427689
c2549,do-choi-me-be,https://salt.tikicdn.com/cache/280x280/media/catalog/producttmp/9c/2f/82/47cdbc8eb0e113fc343824422bf49239.png,Combo 3 Hộp Viên Rửa Chén Bát Sunlight 5 in 1 Cho Máy Rửa Chén Bát (28V/Hộp),296.000,1,72964613
c2549,do-choi-me-be,https://salt.tikicdn.com/cache/280x280/media/catalog/producttmp/cc/24/13/7689bea2518786b363d86fd7fa024d62.png,Combo 2 túi nước giặt dưỡng vải Comfort hương,302.000,1,130997758
c2549,do-choi-me-be,https://salt.tikicdn.com/cache/280x280/ts/product/92/9f/de/956f0fd08ba2d16a3b0afbadc4a08fbb.jpg,Combo Mua 1 Tặng 1 - Giấy vệ sinh PREMIER Deluxe đóng cặp ,121.000,1,137337241
c2549,do-choi-me-be,https://salt.tikicdn.com/cache/280x280/media/catalog/producttmp/19/b2/53/5d2f36c3475906a316c565b808ac4bb7.png,Thùng 48 Hộp Sữa Nước Abbott Grow Gold 180ml,719.000,1,309744
c2549,do-choi-me-be,https://salt.tikicdn.com/cache/280x280/ts/product/b9/cc/7e/45f099984b684a8ccd908d2e78681623.png,"Bột thông cống và khủ mùi hôi bồn cầu, lavabo, chậu rửa bát, đường ống cực  mạnh nắp xanh",35.000,1,224890240
c2549,do-choi-me-be,https://salt.tikicdn.com/cache/280x280/media/catalog/producttmp/40/05/da/84f34ad15e78c4e408db02cc405d4c98.png,"Nước xả làm mềm vải COMFORT Nước xả vải hương Bella Giữ màu, Bền Vải & Hương nước hoa thiên nhiên 3.8L",270.000,1,68347469
c2549,do-choi-me-be,https://salt.tikicdn.com/cache/280x280/ts/product/d3/59/f0/6d2f0b4d17fb98083c27554cf1105a43.jpg,"Bột thông tắc cống, bồn cầu, bồn rửa bát, đường ống cực mạnh HGO Super 250g",39.000,1,126022164
c2549,do-choi-me-be,https://salt.tikicdn.com/cache/280x280/ts/product/a9/ee/48/25ef1c82d928e6ee394b411e940254ec.png,Combo 4 Tã Quần Người Lớn SunMate Mềm Mại,330.000,1,175953075
c2549,do-choi-me-be,https://salt.tikicdn.com/cache/280x280/ts/product/d5/fc/a2/a71dbdb4c06c3971a99a8b4c9b7474a6.png, Hộp Ống Uống Canxi BobBaby Hỗ Trợ Giảm Nguy Cơ Thiếu Canxi Cho Bé 20 Ống/Hộp,120.000,1,249083736
c2549,do-choi-me-be,https://salt.tikicdn.com/cache/280x280/media/catalog/producttmp/d9/84/f4/66a0e8c99785e0ccb3d8323ec48482b4.png,Nước Xả Làm Mềm Vải Comfort Chăm Sóc Dịu Nhẹ Cho Da Nhạy Cảm 3.8L,246.000,1,100989177
c2549,do-choi-me-be,https://salt.tikicdn.com/cache/280x280/media/catalog/producttmp/70/c6/e2/9a35b7a65fb434bf6b5d22aff23b8c1c.png,"Túi Nước Giặt Omo Matic Cho Quần Áo Bé Yêu Chiết Xuất Tràm Trà Và Nha Đam Dịu Nhẹ, Sạch Khuẩn 3.6Kg",180.000,1,111304925
